{"cameraMode":{"drawMode":0,"name":"Shaded","section":"Shading Mode"},"sceneLighting":false,"audioPlay":false,"sceneViewState":{"showFog":true,"showMaterialUpdate":false,"showSkybox":false,"showFlares":true,"showImageEffects":true,"showParticleSystems":true},"in2DMode":false,"pivot":{"x":-0.19724565744400025,"y":-2.906869649887085,"z":7.715625762939453},"rotation":{"x":-0.030395012348890306,"y":-0.9500135183334351,"z":0.09751158207654953,"w":-0.2953733801841736},"size":1.657883882522583,"orthographic":false}