{"cameraMode":{"drawMode":0,"name":"Shaded","section":"Shading Mode"},"sceneLighting":false,"audioPlay":false,"sceneViewState":{"showFog":true,"showMaterialUpdate":false,"showSkybox":true,"showFlares":true,"showImageEffects":true,"showParticleSystems":true},"in2DMode":false,"pivot":{"x":12.732831001281739,"y":-6.6225152015686039,"z":-8.826980590820313},"rotation":{"x":0.09107497334480286,"y":0.8622703552246094,"z":-0.1697503924369812,"w":0.4688318967819214},"size":22.0,"orthographic":false}